Regions Code,Regions,Religion (10 categories) Code,Religion (10 categories),Observation
E12000001,North East,-8,Does not apply,0
E12000001,North East,1,No religion,1058122
E12000001,North East,2,Christian,1343948
E12000001,North East,3,Buddhist,7026
E12000001,North East,4,Hindu,10924
E12000001,North East,5,Jewish,4389
E12000001,North East,6,Muslim,72102
E12000001,North East,7,Sikh,7206
E12000001,North East,8,Other religion,9950
E12000001,North East,9,Not answered,133345
E12000002,North West,-8,Does not apply,0
E12000002,North West,1,No religion,2419624
E12000002,North West,2,Christian,3895779
E12000002,North West,3,Buddhist,23028
E12000002,North West,4,Hindu,49749
E12000002,North West,5,Jewish,33285
E12000002,North West,6,Muslim,563105
E12000002,North West,7,Sikh,11862
E12000002,North West,8,Other religion,28103
E12000002,North West,9,Not answered,392862
E12000003,Yorkshire and The Humber,-8,Does not apply,0
E12000003,Yorkshire and The Humber,1,No religion,2161185
E12000003,Yorkshire and The Humber,2,Christian,2461519
E12000003,Yorkshire and The Humber,3,Buddhist,15803
E12000003,Yorkshire and The Humber,4,Hindu,29243
E12000003,Yorkshire and The Humber,5,Jewish,9355
E12000003,Yorkshire and The Humber,6,Muslim,442533
E12000003,Yorkshire and The Humber,7,Sikh,24034
E12000003,Yorkshire and The Humber,8,Other religion,23618
E12000003,Yorkshire and The Humber,9,Not answered,313484
E12000004,East Midlands,-8,Does not apply,0
E12000004,East Midlands,1,No religion,1950354
E12000004,East Midlands,2,Christian,2214151
E12000004,East Midlands,3,Buddhist,14521
E12000004,East Midlands,4,Hindu,120345
E12000004,East Midlands,5,Jewish,4313
E12000004,East Midlands,6,Muslim,210766
E12000004,East Midlands,7,Sikh,53950
E12000004,East Midlands,8,Other religion,24813
E12000004,East Midlands,9,Not answered,286841
E12000005,West Midlands,-8,Does not apply,0
E12000005,West Midlands,1,No religion,1955003
E12000005,West Midlands,2,Christian,2770559
E12000005,West Midlands,3,Buddhist,18804
E12000005,West Midlands,4,Hindu,88116
E12000005,West Midlands,5,Jewish,4394
E12000005,West Midlands,6,Muslim,569963
E12000005,West Midlands,7,Sikh,172398
E12000005,West Midlands,8,Other religion,31805
E12000005,West Midlands,9,Not answered,339714
E12000006,East of England,-8,Does not apply,0
E12000006,East of England,1,No religion,2544509
E12000006,East of England,2,Christian,2955071
E12000006,East of England,3,Buddhist,26814
E12000006,East of England,4,Hindu,86631
E12000006,East of England,5,Jewish,42012
E12000006,East of England,6,Muslim,234744
E12000006,East of England,7,Sikh,24284
E12000006,East of England,8,Other religion,36380
E12000006,East of England,9,Not answered,384627
E12000007,London,-8,Does not apply,0
E12000007,London,1,No religion,2380404
E12000007,London,2,Christian,3577681
E12000007,London,3,Buddhist,77425
E12000007,London,4,Hindu,453034
E12000007,London,5,Jewish,145466
E12000007,London,6,Muslim,1318754
E12000007,London,7,Sikh,144543
E12000007,London,8,Other religion,86759
E12000007,London,9,Not answered,615662
E12000008,South East,-8,Does not apply,0
E12000008,South East,1,No religion,3733094
E12000008,South East,2,Christian,4313319
E12000008,South East,3,Buddhist,54433
E12000008,South East,4,Hindu,154748
E12000008,South East,5,Jewish,18682
E12000008,South East,6,Muslim,309067
E12000008,South East,7,Sikh,74348
E12000008,South East,8,Other religion,54098
E12000008,South East,9,Not answered,566279
E12000009,South West,-8,Does not apply,0
E12000009,South West,1,No religion,2513369
E12000009,South West,2,Christian,2635872
E12000009,South West,3,Buddhist,24579
E12000009,South West,4,Hindu,27746
E12000009,South West,5,Jewish,7387
E12000009,South West,6,Muslim,80152
E12000009,South West,7,Sikh,7465
E12000009,South West,8,Other religion,36884
E12000009,South West,9,Not answered,367732
W92000004,Wales,-8,Does not apply,0
W92000004,Wales,1,No religion,1446398
W92000004,Wales,2,Christian,1354773
W92000004,Wales,3,Buddhist,10075
W92000004,Wales,4,Hindu,12242
W92000004,Wales,5,Jewish,2044
W92000004,Wales,6,Muslim,66947
W92000004,Wales,7,Sikh,4048
W92000004,Wales,8,Other religion,15926
W92000004,Wales,9,Not answered,195041
